partID,measure,movement,leg,result_n,result_bw
A01,VertPeak,Drop,Double,1878.942688,2.7310213488372095
A01,VertPeak,Drop,Single,1896.315826,2.7562730029069766
A01,VertPeak,Step,Double,2698.182266,3.9217765494186043
A01,VertPeak,Step,Single,1489.147171,2.164458097383721
A01,VertPeak,Dash,Double,2798.136353,4.067058652616279
A01,VertPeak,Dash,Single,1990.553017,2.893245664244186
A01,VertPeak,Kong,Double,3348.601013,4.867152635174419
A01,VertPeak,Kong,Single,2294.21962,3.334621540697674
A01,VertRFD,Drop,Double,23192,33.7093023255814
A01,VertRFD,Drop,Single,26859,39.03924418604651
A01,VertRFD,Step,Double,38513,55.9781976744186
A01,VertRFD,Step,Single,22596,32.843023255813954
A01,VertRFD,Dash,Double,59047,85.82412790697674
A01,VertRFD,Dash,Single,40244,58.49418604651163
A01,VertRFD,Kong,Double,92017,133.7456395348837
A01,VertRFD,Kong,Single,52597,76.44912790697674
A01,HorzPeak,Drop,Double,528.177704,0.7677001511627907
A01,HorzPeak,Drop,Single,385.683762,0.5605868633720931
A01,HorzPeak,Step,Double,654.229187,0.9509145159883722
A01,HorzPeak,Step,Single,311.861191,0.4532866148255814
A01,HorzPeak,Dash,Double,541.545517,0.7871301119186047
A01,HorzPeak,Dash,Single,213.575081,0.3104288968023256
A01,HorzPeak,Kong,Double,903.983948,1.3139301569767443
A01,HorzPeak,Kong,Single,614.133057,0.8926352572674419
A01,HorzRFD,Drop,Double,25113,36.50145348837209
A01,HorzRFD,Drop,Single,18997,27.611918604651162
A01,HorzRFD,Step,Double,16685,24.251453488372093
A01,HorzRFD,Step,Single,16152,23.476744186046513
A01,HorzRFD,Dash,Double,16820,24.447674418604652
A01,HorzRFD,Dash,Single,2212,3.2151162790697674
A01,HorzRFD,Kong,Double,49988,72.65697674418605
A01,HorzRFD,Kong,Single,42681,62.036337209302324
A01,ResultantPeak,Drop,Double,1890.3335015275318,2.7475777638481564
A01,ResultantPeak,Drop,Single,1901.2064522430985,2.7633814712835734
A01,ResultantPeak,Step,Double,2773.410634217445,4.031120107874194
A01,ResultantPeak,Step,Single,1503.1344379912186,2.1847884273128177
A01,ResultantPeak,Dash,Double,2818.9499292903743,4.097310943736009
A01,ResultantPeak,Dash,Single,1991.9809578231852,2.8953211596267225
A01,ResultantPeak,Kong,Double,3468.4745526681168,5.041387431203658
A01,ResultantPeak,Kong,Single,2367.495304569204,3.441126896176169
A01,ResultantAngle,Drop,Double,78.03459267925835,78.03459267925835
A01,ResultantAngle,Drop,Single,93.89105071466489,93.89105071466489
A01,ResultantAngle,Step,Double,75.02465630958476,75.02465630958476
A01,ResultantAngle,Step,Single,82.36657909790199,82.36657909790199
A01,ResultantAngle,Dash,Double,78.4322128306985,78.4322128306985
A01,ResultantAngle,Dash,Single,89.22587482398883,89.22587482398883
A01,ResultantAngle,Kong,Double,74.89263088410718,74.89263088410718
A01,ResultantAngle,Kong,Single,74.26425411790433,74.26425411790433
A02,VertPeak,Drop,Double,2200.649307,3.7173130185810814
A02,VertPeak,Drop,Single,1800.065125,3.040650548986487
A02,VertPeak,Step,Double,2703.25827,4.56631464527027
A02,VertPeak,Step,Single,2008.805016,3.3932517162162164
A02,VertPeak,Dash,Double,2284.930481,3.8596798665540537
A02,VertPeak,Dash,Single,1331.825283,2.2497048699324322
A02,VertPeak,Kong,Double,3186.11441,5.381950016891892
A02,VertPeak,Kong,Single,1912.534271,3.230632214527027
A02,VertRFD,Drop,Double,34881,58.920608108108105
A02,VertRFD,Drop,Single,26516,44.79054054054054
A02,VertRFD,Step,Double,83564,141.15540540540542
A02,VertRFD,Step,Single,39348,66.46621621621621
A02,VertRFD,Dash,Double,49915,84.31587837837837
A02,VertRFD,Dash,Single,19923,33.65371621621622
A02,VertRFD,Kong,Double,95405,161.15709459459458
A02,VertRFD,Kong,Single,2239,3.7820945945945947
A02,HorzPeak,Drop,Double,508.951752,0.8597157972972973
A02,HorzPeak,Drop,Single,277.668045,0.4690338597972973
A02,HorzPeak,Step,Double,666.300262,1.1255071993243242
A02,HorzPeak,Step,Single,352.893867,0.5961045050675675
A02,HorzPeak,Dash,Double,417.442261,0.7051389543918919
A02,HorzPeak,Dash,Single,130.002636,0.2195990472972973
A02,HorzPeak,Kong,Double,821.602264,1.387841662162162
A02,HorzPeak,Kong,Single,479.257675,0.809556883445946
A02,HorzRFD,Drop,Double,25584,43.21621621621622
A02,HorzRFD,Drop,Single,18165,30.68412162162162
A02,HorzRFD,Step,Double,24440,41.28378378378378
A02,HorzRFD,Step,Single,24086,40.685810810810814
A02,HorzRFD,Dash,Double,19090,32.24662162162162
A02,HorzRFD,Dash,Single,6736,11.378378378378379
A02,HorzRFD,Kong,Double,37589,63.494932432432435
A02,HorzRFD,Kong,Single,33457,56.5152027027027
A02,ResultantPeak,Drop,Double,2224.2026552808384,3.757099079866281
A02,ResultantPeak,Drop,Single,1806.3965296977208,3.051345489354258
A02,ResultantPeak,Step,Double,2811.8799326629846,4.749797183552339
A02,ResultantPeak,Step,Single,2012.2764699704333,3.39911565873384
A02,ResultantPeak,Dash,Double,2300.0656348255416,3.885246004772874
A02,ResultantPeak,Dash,Single,1331.8268384550122,2.249707497390223
A02,ResultantPeak,Kong,Double,3194.6725828873123,5.396406390012352
A02,ResultantPeak,Kong,Single,1968.0255423085134,3.324367470115732
A02,ResultantAngle,Drop,Double,81.60425740715606,81.60425740715606
A02,ResultantAngle,Drop,Single,95.7436324847961,95.7436324847961
A02,ResultantAngle,Step,Double,75.00041360213363,75.00041360213363
A02,ResultantAngle,Step,Single,87.06815144213907,87.06815144213907
A02,ResultantAngle,Dash,Double,85.75757975742577,85.75757975742577
A02,ResultantAngle,Dash,Single,89.91243258717604,89.91243258717604
A02,ResultantAngle,Kong,Double,76.15934939508453,76.15934939508453
A02,ResultantAngle,Kong,Single,76.43864246576341,76.43864246576341
A03,VertPeak,Drop,Double,1985.205933,2.8729463574529666
A03,VertPeak,Drop,Single,2253.881622,3.2617679044862515
A03,VertPeak,Step,Double,1869.132065,2.704966808972504
A03,VertPeak,Step,Single,1627.492479,2.3552713154848046
A03,VertPeak,Dash,Double,1916.306412,2.773236486251809
A03,VertPeak,Dash,Single,2092.4888,3.0282037626628076
A03,VertPeak,Kong,Double,2340.406433,3.3869847076700434
A03,VertPeak,Kong,Single,3001.390869,4.343546843704775
A03,VertRFD,Drop,Double,25529,36.94500723589002
A03,VertRFD,Drop,Single,34270,49.59479015918958
A03,VertRFD,Step,Double,35805,51.816208393632415
A03,VertRFD,Step,Single,19198,27.782923299565848
A03,VertRFD,Dash,Double,5519,7.986975397973951
A03,VertRFD,Dash,Single,6393,9.251808972503618
A03,VertRFD,Kong,Double,50130,72.54703328509407
A03,VertRFD,Kong,Single,50437,72.99131693198264
A03,HorzPeak,Drop,Double,404.361786,0.5851834819102749
A03,HorzPeak,Drop,Single,338.971954,0.4905527554269175
A03,HorzPeak,Step,Double,467.970917,0.6772372170767004
A03,HorzPeak,Step,Single,195.85965,0.2834437771345875
A03,HorzPeak,Dash,Double,411.648026,0.595727968162084
A03,HorzPeak,Dash,Single,192.543436,0.2786446251808973
A03,HorzPeak,Kong,Double,605.726501,0.8765940680173662
A03,HorzPeak,Kong,Single,593.533417,0.858948505065123
A03,HorzRFD,Drop,Double,19391,28.062228654124457
A03,HorzRFD,Drop,Single,16259,23.529667149059335
A03,HorzRFD,Step,Double,9464,13.696092619392186
A03,HorzRFD,Step,Single,8382,12.130246020260492
A03,HorzRFD,Dash,Double,6734,9.745296671490593
A03,HorzRFD,Dash,Single,3035,4.3921852387843705
A03,HorzRFD,Kong,Double,32805,47.474674384949346
A03,HorzRFD,Kong,Single,34628,50.11287988422576
A03,ResultantPeak,Drop,Double,1995.4515057854703,2.8877735250151524
A03,ResultantPeak,Drop,Single,2268.560069367441,3.283010230633055
A03,ResultantPeak,Step,Double,1918.5407656141151,2.776469993652844
A03,ResultantPeak,Step,Single,1630.590209238831,2.3597542825453415
A03,ResultantPeak,Dash,Double,1972.4348732950577,2.854464360774324
A03,ResultantPeak,Dash,Single,2095.6620848881735,3.0327960707498893
A03,ResultantPeak,Kong,Double,2341.006531159234,3.387853156525664
A03,ResultantPeak,Kong,Single,3017.660833805008,4.367092378878449
A03,ResultantAngle,Drop,Double,82.54422890510756,82.54422890510756
A03,ResultantAngle,Drop,Single,97.81598154686112,97.81598154686112
A03,ResultantAngle,Step,Double,76.72539471345466,76.72539471345466
A03,ResultantAngle,Step,Single,91.84469837378694,91.84469837378694
A03,ResultantAngle,Dash,Double,77.66732591056719,77.66732591056719
A03,ResultantAngle,Dash,Single,86.84654708756621,86.84654708756621
A03,ResultantAngle,Kong,Double,85.67313293946523,85.67313293946523
A03,ResultantAngle,Kong,Single,99.36390794066287,99.36390794066287
A04,VertPeak,Drop,Double,2237.005829,3.064391546575343
A04,VertPeak,Drop,Single,2184.316803,2.9922147986301373
A04,VertPeak,Step,Double,2135.074005,2.924758910958904
A04,VertPeak,Step,Single,1789.20186,2.4509614520547944
A04,VertPeak,Dash,Double,2167.610718,2.969329750684931
A04,VertPeak,Dash,Single,1608.782379,2.2038114780821916
A04,VertPeak,Kong,Double,2555.153809,3.500210697260274
A04,VertPeak,Kong,Single,2302.494995,3.154102732876712
A04,VertRFD,Drop,Double,25970,35.57534246575342
A04,VertRFD,Drop,Single,19154,26.23835616438356
A04,VertRFD,Step,Double,64749,88.6972602739726
A04,VertRFD,Step,Single,14927,20.447945205479453
A04,VertRFD,Dash,Double,126258,172.95616438356166
A04,VertRFD,Dash,Single,17864,24.471232876712328
A04,VertRFD,Kong,Double,140593,192.59315068493152
A04,VertRFD,Kong,Single,30167,41.324657534246576
A04,HorzPeak,Drop,Double,431.668991,0.5913273849315068
A04,HorzPeak,Drop,Single,114.653889,0.15706012191780822
A04,HorzPeak,Step,Double,571.454422,0.7828142767123288
A04,HorzPeak,Step,Single,233.590179,0.3199865465753425
A04,HorzPeak,Dash,Double,607.600372,0.8323292767123287
A04,HorzPeak,Dash,Single,106.259289,0.1455606698630137
A04,HorzPeak,Kong,Double,760.527008,1.0418178191780822
A04,HorzPeak,Kong,Single,489.829224,0.6709989369863014
A04,HorzRFD,Drop,Double,14363,19.675342465753424
A04,HorzRFD,Drop,Single,6480,8.876712328767123
A04,HorzRFD,Step,Double,17143,23.483561643835618
A04,HorzRFD,Step,Single,13350,18.28767123287671
A04,HorzRFD,Dash,Double,37558,51.44931506849315
A04,HorzRFD,Dash,Single,7923,10.853424657534246
A04,HorzRFD,Kong,Double,44565,61.04794520547945
A04,HorzRFD,Kong,Single,36522,50.03013698630137
A04,ResultantPeak,Drop,Double,2261.811863169794,3.0983724153010876
A04,ResultantPeak,Drop,Single,2214.1449958581993,3.033075336792054
A04,ResultantPeak,Step,Double,2210.2264959162203,3.0277075286523565
A04,ResultantPeak,Step,Single,1796.4714047581094,2.4609197325453556
A04,ResultantPeak,Dash,Double,2251.1584655112606,3.083778719878439
A04,ResultantPeak,Dash,Single,1608.9473605160047,2.2040374801589104
A04,ResultantPeak,Kong,Double,2662.4751724846474,3.647226263677599
A04,ResultantPeak,Kong,Single,2303.08794633308,3.1549149949768216
A04,ResultantAngle,Drop,Double,82.35229494523752,82.35229494523752
A04,ResultantAngle,Drop,Single,99.41535797328787,99.41535797328787
A04,ResultantAngle,Step,Double,74.94283127966044,74.94283127966044
A04,ResultantAngle,Step,Single,91.31775418113722,91.31775418113722
A04,ResultantAngle,Dash,Double,74.34134789066069,74.34134789066069
A04,ResultantAngle,Dash,Single,89.17948208357296,89.17948208357296
A04,ResultantAngle,Kong,Double,73.67671112802994,73.67671112802994
A04,ResultantAngle,Kong,Single,98.17665642230446,98.17665642230446
A05,VertPeak,Drop,Double,2915.168579,4.605321609794629
A05,VertPeak,Drop,Single,2593.200867,4.096683834123223
A05,VertPeak,Step,Double,2386.314972,3.7698498767772515
A05,VertPeak,Step,Single,1707.849817,2.6980249873617694
A05,VertPeak,Dash,Double,2042.436554,3.2265980315955765
A05,VertPeak,Dash,Single,1215.090444,1.9195741611374406
A05,VertPeak,Kong,Double,3415.612274,5.395911965244866
A05,VertPeak,Kong,Single,4132.329254,6.528166278041074
A05,VertRFD,Drop,Double,240683,380.2259083728278
A05,VertRFD,Drop,Single,282456,446.21800947867297
A05,VertRFD,Step,Double,134260,212.10110584518168
A05,VertRFD,Step,Single,28098,44.388625592417064
A05,VertRFD,Dash,Double,55847,88.2259083728278
A05,VertRFD,Dash,Single,12975,20.497630331753555
A05,VertRFD,Kong,Double,106185,167.74881516587678
A05,VertRFD,Kong,Single,128558,203.09320695102684
A05,HorzPeak,Drop,Double,839.363129,1.3260081026856239
A05,HorzPeak,Drop,Single,619.529327,0.9787193159557661
A05,HorzPeak,Step,Double,664.548004,1.049838868878357
A05,HorzPeak,Step,Single,256.005589,0.4044322101105845
A05,HorzPeak,Dash,Double,486.231705,0.7681385545023697
A05,HorzPeak,Dash,Single,192.471268,0.30406203475513427
A05,HorzPeak,Kong,Double,916.737122,1.4482418988941548
A05,HorzPeak,Kong,Single,568.193138,0.8976194913112164
A05,HorzRFD,Drop,Double,74413,117.55608214849921
A05,HorzRFD,Drop,Single,65656,103.7219589257504
A05,HorzRFD,Step,Double,41943,66.260663507109
A05,HorzRFD,Step,Single,26771,42.292259083728275
A05,HorzRFD,Dash,Double,18332,28.96050552922591
A05,HorzRFD,Dash,Single,31055,49.06003159557662
A05,HorzRFD,Kong,Double,28124,44.42969984202212
A05,HorzRFD,Kong,Single,71793,113.41706161137441
A05,ResultantPeak,Drop,Double,3033.601540465318,4.792419495205873
A05,ResultantPeak,Drop,Single,2672.462981929552,4.221900445386338
A05,ResultantPeak,Step,Double,2477.119939609656,3.9133016423533267
A05,ResultantPeak,Step,Single,1713.778273306844,2.7073906371356147
A05,ResultantPeak,Dash,Double,2099.516217623146,3.3167712758659498
A05,ResultantPeak,Dash,Single,1217.444516530659,1.923293075087929
A05,ResultantPeak,Kong,Double,3536.497441982999,5.586883794601895
A05,ResultantPeak,Kong,Single,4133.562641083082,6.530114756845311
A05,ResultantAngle,Drop,Double,74.93104134754695,74.93104134754695
A05,ResultantAngle,Drop,Single,76.10715900799029,76.10715900799029
A05,ResultantAngle,Step,Double,74.43838730891159,74.43838730891159
A05,ResultantAngle,Step,Single,85.23287652412759,85.23287652412759
A05,ResultantAngle,Dash,Double,76.6091671329094,76.6091671329094
A05,ResultantAngle,Dash,Single,86.70591417303521,86.70591417303521
A05,ResultantAngle,Kong,Double,75.21892499111625,75.21892499111625
A05,ResultantAngle,Kong,Single,90.57037154494002,90.57037154494002
A06,VertPeak,Drop,Double,2998.402039,3.556823296559905
A06,VertPeak,Drop,Single,3024.870361,3.588221068801898
A06,VertPeak,Step,Double,3285.930176,3.897900564650059
A06,VertPeak,Step,Single,2637.928177,3.1292149193357055
A06,VertPeak,Dash,Double,3233.144287,3.8352838517200474
A06,VertPeak,Dash,Single,1623.056824,1.9253343107947805
A06,VertPeak,Kong,Double,4381.726807,5.197777944246738
A06,VertPeak,Kong,Single,3467.59314,4.113396370106761
A06,VertRFD,Drop,Double,58432,69.31435349940688
A06,VertRFD,Drop,Single,35784,42.44839857651245
A06,VertRFD,Step,Double,83623,99.19691577698696
A06,VertRFD,Step,Single,36832,43.691577698695134
A06,VertRFD,Dash,Double,83641,99.21826809015421
A06,VertRFD,Dash,Single,9537,11.313167259786477
A06,VertRFD,Kong,Double,101533,120.44246737841044
A06,VertRFD,Kong,Single,49922,59.219454329774614
A06,HorzPeak,Drop,Double,535.112183,0.6347712728351127
A06,HorzPeak,Drop,Single,214.702118,0.25468815895610913
A06,HorzPeak,Step,Double,651.535507,0.7728772325029657
A06,HorzPeak,Step,Single,303.859665,0.36045037366548044
A06,HorzPeak,Dash,Double,524.207733,0.6218359822064057
A06,HorzPeak,Dash,Single,94.528108,0.11213298695136419
A06,HorzPeak,Kong,Double,1129.759003,1.3401648908659547
A06,HorzPeak,Kong,Single,413.398193,0.490389315539739
A06,HorzRFD,Drop,Double,22077,26.18861209964413
A06,HorzRFD,Drop,Single,11074,13.136417556346382
A06,HorzRFD,Step,Double,15303,18.153024911032027
A06,HorzRFD,Step,Single,17927,21.265717674970343
A06,HorzRFD,Dash,Double,4426,5.250296559905101
A06,HorzRFD,Dash,Single,9516,11.288256227758007
A06,HorzRFD,Kong,Double,33168,39.345195729537366
A06,HorzRFD,Kong,Single,27924,33.12455516014235
A06,ResultantPeak,Drop,Double,3019.393107035,3.5817237331376037
A06,ResultantPeak,Drop,Single,3068.220182648682,3.6396443447789824
A06,ResultantPeak,Step,Double,3337.6542699552647,3.9592577342292583
A06,ResultantPeak,Step,Single,2645.484421563732,3.138178436018662
A06,ResultantPeak,Dash,Double,3239.498517040074,3.8428214911507403
A06,ResultantPeak,Dash,Single,1625.8721480022691,1.9286739596705447
A06,ResultantPeak,Kong,Double,4393.015940896825,5.21116956215519
A06,ResultantPeak,Kong,Single,3503.709647443866,4.156239202187266
A06,ResultantAngle,Drop,Double,85.08153570229992,85.08153570229992
A06,ResultantAngle,Drop,Single,99.64274515911394,99.64274515911394
A06,ResultantAngle,Step,Double,78.70455052846233,78.70455052846233
A06,ResultantAngle,Step,Single,94.33153128302898,94.33153128302898
A06,ResultantAngle,Dash,Double,88.0999243563538,88.0999243563538
A06,ResultantAngle,Dash,Single,93.84101045360819,93.84101045360819
A06,ResultantAngle,Kong,Double,75.23820176914863,75.23820176914863
A06,ResultantAngle,Kong,Single,98.23379817881244,98.23379817881244
A07,VertPeak,Drop,Double,1811.978119,2.2792177597484278
A07,VertPeak,Drop,Single,2489.870575,3.1319126729559748
A07,VertPeak,Step,Double,1634.714722,2.0562449333333332
A07,VertPeak,Step,Single,1934.795685,2.4337052641509436
A07,VertPeak,Dash,Double,2099.164658,2.640458689308176
A07,VertPeak,Dash,Single,1878.208862,2.3625268704402513
A07,VertPeak,Kong,Double,2373.714539,2.985804451572327
A07,VertPeak,Kong,Single,2367.119781,2.977509158490566
A07,VertRFD,Drop,Double,21649,27.231446540880505
A07,VertRFD,Drop,Single,24393,30.683018867924527
A07,VertRFD,Step,Double,34097,42.88930817610063
A07,VertRFD,Step,Single,16234,20.42012578616352
A07,VertRFD,Dash,Double,40449,50.87924528301887
A07,VertRFD,Dash,Single,23002,28.933333333333334
A07,VertRFD,Kong,Double,52302,65.78867924528302
A07,VertRFD,Kong,Single,27911,35.10817610062893
A07,HorzPeak,Drop,Double,393.986862,0.495580958490566
A07,HorzPeak,Drop,Single,153.169609,0.1926661748427673
A07,HorzPeak,Step,Double,396.113419,0.49825587295597484
A07,HorzPeak,Step,Single,99.094967,0.1246477572327044
A07,HorzPeak,Dash,Double,448.285522,0.5638811597484277
A07,HorzPeak,Dash,Single,55.208694,0.06944489811320755
A07,HorzPeak,Kong,Double,665.162048,0.8366818213836479
A07,HorzPeak,Kong,Single,369.071121,0.4642404037735849
A07,HorzRFD,Drop,Double,18734,23.564779874213837
A07,HorzRFD,Drop,Single,8684,10.923270440251573
A07,HorzRFD,Step,Double,19254,24.2188679245283
A07,HorzRFD,Step,Single,7824,9.841509433962264
A07,HorzRFD,Dash,Double,18938,23.821383647798744
A07,HorzRFD,Dash,Single,5771,7.259119496855346
A07,HorzRFD,Kong,Double,48224,60.65911949685535
A07,HorzRFD,Kong,Single,18535,23.31446540880503
A07,ResultantPeak,Drop,Double,1812.1316365753394,2.279410863616779
A07,ResultantPeak,Drop,Single,2580.6046440187715,3.2460435773821024
A07,ResultantPeak,Step,Double,1653.2283729096414,2.0795325445404296
A07,ResultantPeak,Step,Single,1959.0385018202817,2.464199373358845
A07,ResultantPeak,Dash,Double,2116.02777973482,2.6616701631884525
A07,ResultantPeak,Dash,Single,1879.903327083878,2.364658273061482
A07,ResultantPeak,Kong,Double,2452.5842405394037,3.0850116233200047
A07,ResultantPeak,Kong,Single,2428.6756588244125,3.0549379356281916
A07,ResultantAngle,Drop,Double,87.29949287675976,87.29949287675976
A07,ResultantAngle,Drop,Single,105.32442833953259,105.32442833953259
A07,ResultantAngle,Step,Double,80.4313973295136,80.4313973295136
A07,ResultantAngle,Step,Single,93.03538285728685,93.03538285728685
A07,ResultantAngle,Dash,Double,82.76173008510908,82.76173008510908
A07,ResultantAngle,Dash,Single,92.50682681948028,92.50682681948028
A07,ResultantAngle,Kong,Double,75.43026963348073,75.43026963348073
A07,ResultantAngle,Kong,Single,102.9273411353726,102.9273411353726
B08,VertPeak,Drop,Double,1936.554047,2.4267594573934836
B08,VertPeak,Drop,Single,2529.158203,3.1693711817042605
B08,VertPeak,Step,Double,1727.650421,2.1649754649122808
B08,VertPeak,Step,Single,1509.824707,1.892010911027569
B08,VertPeak,Dash,Double,1832.081146,2.295841035087719
B08,VertPeak,Dash,Single,1720.945709,2.1565735701754387
B08,VertPeak,Kong,Double,2397.61969,3.0045359523809525
B08,VertPeak,Kong,Single,2969.113403,3.7206934874686715
B08,VertRFD,Drop,Double,11818,14.80952380952381
B08,VertRFD,Drop,Single,15360,19.24812030075188
B08,VertRFD,Step,Double,14570,18.25814536340852
B08,VertRFD,Step,Single,11851,14.850877192982455
B08,VertRFD,Dash,Double,3786,4.7443609022556394
B08,VertRFD,Dash,Single,17604,22.06015037593985
B08,VertRFD,Kong,Double,131232,164.45112781954887
B08,VertRFD,Kong,Single,40082,50.228070175438596
B08,HorzPeak,Drop,Double,322.31517,0.4039037218045113
B08,HorzPeak,Drop,Single,84.941587,0.10644309147869674
B08,HorzPeak,Step,Double,373.720612,0.4683215689223058
B08,HorzPeak,Step,Single,101.617445,0.127340156641604
B08,HorzPeak,Dash,Double,414.800385,0.5197999812030075
B08,HorzPeak,Dash,Single,67.355274,0.08440510526315789
B08,HorzPeak,Kong,Double,680.906372,0.8532661303258146
B08,HorzPeak,Kong,Single,405.694885,0.5083895802005013
B08,HorzRFD,Drop,Double,2978,3.7318295739348373
B08,HorzRFD,Drop,Single,249,0.31203007518796994
B08,HorzRFD,Step,Double,3247,4.068922305764411
B08,HorzRFD,Step,Single,3807,4.7706766917293235
B08,HorzRFD,Dash,Double,3390,4.2481203007518795
B08,HorzRFD,Dash,Single,1172,1.468671679197995
B08,HorzRFD,Kong,Double,38271,47.95864661654135
B08,HorzRFD,Kong,Single,29760,37.29323308270677
B08,ResultantPeak,Drop,Double,1938.9519660549217,2.429764368489877
B08,ResultantPeak,Drop,Single,2573.198143213155,3.2245590767082146
B08,ResultantPeak,Step,Double,1728.5990815234393,2.166164262560701
B08,ResultantPeak,Step,Single,1521.9527171054742,1.907208918678539
B08,ResultantPeak,Dash,Double,1866.262439152883,2.3386747357805553
B08,ResultantPeak,Dash,Single,1733.5408830427111,2.1723569962941243
B08,ResultantPeak,Kong,Double,2493.7571038474002,3.1250089020644114
B08,ResultantPeak,Kong,Single,3061.000957154663,3.835840798439427
B08,ResultantAngle,Drop,Double,87.15018851362647,87.15018851362647
B08,ResultantAngle,Drop,Single,103.23808536782029,103.23808536782029
B08,ResultantAngle,Step,Double,78.67381747967326,78.67381747967326
B08,ResultantAngle,Step,Single,98.89627819540718,98.89627819540718
B08,ResultantAngle,Dash,Double,76.94906133403785,76.94906133403785
B08,ResultantAngle,Dash,Single,96.91092171689304,96.91092171689304
B08,ResultantAngle,Kong,Double,74.59694996037841,74.59694996037841
B08,ResultantAngle,Kong,Single,103.71869804581806,103.71869804581806
B09,VertPeak,Drop,Double,2391.11438,2.955642002472188
B09,VertPeak,Drop,Single,2405.303238,2.973180763906057
B09,VertPeak,Step,Double,2088.171204,2.5811757775030904
B09,VertPeak,Step,Single,2077.883453,2.568459150803461
B09,VertPeak,Dash,Double,1990.51413,2.460462459826947
B09,VertPeak,Dash,Single,1874.871277,2.3175170296662544
B09,VertPeak,Kong,Double,3351.354736,4.142589290482077
B09,VertPeak,Kong,Single,2189.038086,2.705856719406675
B09,VertRFD,Drop,Double,191283,236.44375772558715
B09,VertRFD,Drop,Single,23777,29.39060568603214
B09,VertRFD,Step,Double,19555,24.171817058096416
B09,VertRFD,Step,Single,22156,27.38689740420272
B09,VertRFD,Dash,Double,138063,170.65883807169345
B09,VertRFD,Dash,Single,24853,30.720642768850432
B09,VertRFD,Kong,Double,357995,442.51545117428924
B09,VertRFD,Kong,Single,29212,36.108776266996294
B09,HorzPeak,Drop,Double,679.180878,0.839531369592089
B09,HorzPeak,Drop,Single,337.320618,0.4169599728059333
B09,HorzPeak,Step,Double,466.154114,0.5762102768850432
B09,HorzPeak,Step,Single,212.026093,0.2620841693448702
B09,HorzPeak,Dash,Double,554.064484,0.6848757527812114
B09,HorzPeak,Dash,Single,193.751633,0.23949522002472187
B09,HorzPeak,Kong,Double,935.180115,1.1559704758961682
B09,HorzPeak,Kong,Single,393.713379,0.4866667231149567
B09,HorzRFD,Drop,Double,52546,64.95179233621755
B09,HorzRFD,Drop,Single,19312,23.871446229913474
B09,HorzRFD,Step,Double,6871,8.493201483312731
B09,HorzRFD,Step,Single,14201,17.553770086526576
B09,HorzRFD,Dash,Double,37560,46.427688504326326
B09,HorzRFD,Dash,Single,15762,19.483312731767615
B09,HorzRFD,Kong,Double,91962,113.67367119901112
B09,HorzRFD,Kong,Single,22613,27.95179233621755
B09,ResultantPeak,Drop,Double,2485.702042338067,3.0725612389840133
B09,ResultantPeak,Drop,Single,2441.278936792341,3.017650107283487
B09,ResultantPeak,Step,Double,2096.1220761441386,2.591003802403138
B09,ResultantPeak,Step,Single,2086.494875652254,2.579103678185728
B09,ResultantPeak,Dash,Double,2066.188266872078,2.554002802066846
B09,ResultantPeak,Dash,Single,1875.0915333169773,2.3177892871656085
B09,ResultantPeak,Kong,Double,3479.387936692464,4.300850354378818
B09,ResultantPeak,Kong,Single,2236.1160135826563,2.764049460547165
B09,ResultantAngle,Drop,Double,74.69730394453963,74.69730394453963
B09,ResultantAngle,Drop,Single,99.8484599426699,99.8484599426699
B09,ResultantAngle,Step,Double,84.53994856520555,84.53994856520555
B09,ResultantAngle,Step,Single,94.73852752546625,94.73852752546625
B09,ResultantAngle,Dash,Double,74.4931364796099,74.4931364796099
B09,ResultantAngle,Dash,Single,95.18488073055536,95.18488073055536
B09,ResultantAngle,Kong,Double,74.57207803222983,74.57207803222983
B09,ResultantAngle,Kong,Single,101.77779633402062,101.77779633402062
C10,VertPeak,Drop,Double,2205.211288,3.132402397727273
C10,VertPeak,Drop,Single,2188.563157,3.108754484375
C10,VertPeak,Step,Double,2270.324181,3.224892302556818
C10,VertPeak,Step,Single,2712.551181,3.853055654829545
C10,VertPeak,Dash,Double,1838.975471,2.6121810667613636
C10,VertPeak,Dash,Single,1752.365127,2.489155009943182
C10,VertPeak,Kong,Double,3300.158279,4.687724828125
C10,VertPeak,Kong,Single,2805.177452,3.9846270625
C10,VertRFD,Drop,Double,46689,66.31960227272727
C10,VertRFD,Drop,Single,63791,90.6122159090909
C10,VertRFD,Step,Double,38107,54.12926136363637
C10,VertRFD,Step,Single,25883,36.765625
C10,VertRFD,Dash,Double,38640,54.88636363636363
C10,VertRFD,Dash,Single,22221,31.563920454545453
C10,VertRFD,Kong,Double,196112,278.5681818181818
C10,VertRFD,Kong,Single,63068,89.58522727272727
C10,HorzPeak,Drop,Double,429.957458,0.6107350255681818
C10,HorzPeak,Drop,Single,394.464325,0.5603186434659091
C10,HorzPeak,Step,Double,414.982681,0.5894640355113636
C10,HorzPeak,Step,Single,189.587936,0.2693010454545455
C10,HorzPeak,Dash,Double,338.888901,0.4813762798295454
C10,HorzPeak,Dash,Single,39.845761,0.05659909232954546
C10,HorzPeak,Kong,Double,772.687775,1.097567862215909
C10,HorzPeak,Kong,Single,440.606689,0.6258617741477273
C10,HorzRFD,Drop,Double,26558,37.72443181818182
C10,HorzRFD,Drop,Single,73166,103.92897727272727
C10,HorzRFD,Step,Double,3206,4.5539772727272725
C10,HorzRFD,Step,Single,31468,44.69886363636363
C10,HorzRFD,Dash,Double,3386,4.809659090909091
C10,HorzRFD,Dash,Single,2121,3.012784090909091
C10,HorzRFD,Kong,Double,53985,76.68323863636364
C10,HorzRFD,Kong,Single,34042,48.35511363636363
C10,ResultantPeak,Drop,Double,2219.5795141746057,3.1528118099071105
C10,ResultantPeak,Drop,Single,2227.92429819144,3.164665196294659
C10,ResultantPeak,Step,Double,2285.9335922766563,3.247064761756614
C10,ResultantPeak,Step,Single,2761.4981123691846,3.922582545978955
C10,ResultantPeak,Dash,Double,1859.7471959669847,2.641686357907649
C10,ResultantPeak,Dash,Single,1796.7624319383558,2.552219363548801
C10,ResultantPeak,Kong,Double,3389.408659941538,4.814500937416958
C10,ResultantPeak,Kong,Single,2882.4624226683713,4.094406850381209
C10,ResultantAngle,Drop,Double,81.99160036052365,81.99160036052365
C10,ResultantAngle,Drop,Single,102.05725877914628,102.05725877914628
C10,ResultantAngle,Step,Double,83.61826566571624,83.61826566571624
C10,ResultantAngle,Step,Single,99.633469131634115,99.633469131634115
C10,ResultantAngle,Dash,Double,81.42859512615178,81.42859512615178
C10,ResultantAngle,Dash,Single,102.2405387573895,102.2405387573895
C10,ResultantAngle,Kong,Double,75.30610331830754,75.30610331830754
C10,ResultantAngle,Kong,Single,98.9215401297457,98.9215401297457
